product_url,title,price,currency,listing_type,condition,seller_type,showroom_name,showroom_url,posted_time,fans_count,view_count,description,phones,whatsapps,images,images_count,specifications,images_local_paths,المصنع,الصنف,الموديل,قاطع,اللون,اللون الداخلي,النوع,ناقل السرعة,نظام الدفع,فرش المقاعد,السنة,سلندر,تحديد المواقع,سي دي,كاميرا خلفية,الحساسات,فتحة السقف,تحت الضمان,بلوتوث,نوع الوقود,بانوراما,دي في دي,كاميرا امامية,المالك الأول,الطلاء الأصلي,تدفئة في المقاعد,تبريد في المقاعد,دخول بدون مفتاح,تدليك في المقاعد,عدد المقاعد,وارد,قياس الجنط ( الرنج )
https://qatarsale.com/ar/product/audi_a6_40_tfsi_2021_black_automatic_sedan-572090," اودي  أي 6  40 تي اف اس اي  2021  اوتوماتيك  43,300 كم  4 سلندر  دفع كلي مستمر  سيدان  أسود  تحت الضمان ","104,999",ر.ق,,,,,https://qatarsale.com/ar/showroom/knightsbridge,,0,0,,"['+974 50542888', '+974 50542666', '+974 50542111']",[],"['https://media-blob.qatarsale.com/572090-productimages/572090_0_20260524095823071409.webp', 'https://media-blob.qatarsale.com/572090-productimages/572090_1_20260524095823071883.webp', 'https://media-blob.qatarsale.com/572090-productimages/572090_2_20260524095823072318.webp', 'https://media-blob.qatarsale.com/572090-productimages/572090_3_20260524095823072626.webp', 'https://media-blob.qatarsale.com/572090-productimages/572090_4_20260524095823072861.webp', 'https://media-blob.qatarsale.com/572090-productimages/572090_5_20260524095823073218.webp', 'https://media-blob.qatarsale.com/572090-productimages/572090_6_20260524095823073507.webp']",7,"{'المصنع': 'اودي', 'الصنف': 'أي 6', 'الموديل': '40 تي اف اس اي', 'قاطع': '43,300', 'اللون': 'أسود', 'اللون الداخلي': 'بني وأسود', 'النوع': 'سيدان', 'ناقل السرعة': 'اوتوماتيك', 'نظام الدفع': 'دفع كلي مستمر', 'فرش المقاعد': 'جلد', 'السنة': '2021', 'سلندر': '4', 'تحديد المواقع': 'نعم', 'سي دي': 'نعم', 'كاميرا خلفية': 'نعم', 'الحساسات': 'نعم', 'فتحة السقف': 'نعم', 'تحت الضمان': 'نعم', 'بلوتوث': 'نعم', 'نوع الوقود': 'بنزين'}","['images/572090_0_20260524095823071409.webp', 'images/572090_1_20260524095823071883.webp', 'images/572090_2_20260524095823072318.webp', 'images/572090_3_20260524095823072626.webp', 'images/572090_4_20260524095823072861.webp', 'images/572090_5_20260524095823073218.webp', 'images/572090_6_20260524095823073507.webp']",اودي,أي 6,40 تي اف اس اي,"43,300",أسود,بني وأسود,سيدان,اوتوماتيك,دفع كلي مستمر,جلد,2021,4,نعم,نعم,نعم,نعم,نعم,نعم,نعم,بنزين,,,,,,,,,,,,
https://qatarsale.com/ar/product/rolls_royce_dawn_2016_white_automatic_convertible-563705," رولز - رويس  داون  2016  اوتوماتيك  70,000 كم  12 سلندر  دفع كلي مستمر  كشف  أبيض ","639,999",ج. م,,,,,https://qatarsale.com/ar/showroom/knightsbridge,,0,0,,"['+974 50542888', '+974 50542666', '+974 50542111']",[],"['https://media-blob.qatarsale.com/563705-productimages/563705_0_20260520103949478185.webp', 'https://media-blob.qatarsale.com/563705-productimages/563705_1_20260520103949478719.webp', 'https://media-blob.qatarsale.com/563705-productimages/563705_2_20260520103949479001.webp', 'https://media-blob.qatarsale.com/563705-productimages/563705_3_20260520103949479302.webp', 'https://media-blob.qatarsale.com/563705-productimages/563705_4_20260520103949479560.webp', 'https://media-blob.qatarsale.com/563705-productimages/563705_5_20260520103949480132.webp', 'https://media-blob.qatarsale.com/563705-productimages/563705_6_20260520103949480443.webp']",7,"{'المصنع': 'رولز - رويس', 'الصنف': 'داون', 'الموديل': 'عادي', 'قاطع': '70,000', 'اللون': 'أبيض', 'اللون الداخلي': 'أزرق و أحمر', 'النوع': 'كشف', 'ناقل السرعة': 'اوتوماتيك', 'نظام الدفع': 'دفع كلي مستمر', 'فرش المقاعد': 'جلد', 'السنة': '2016', 'سلندر': '12', 'تحديد المواقع': 'نعم', 'سي دي': 'نعم', 'كاميرا خلفية': 'نعم', 'الحساسات': 'نعم', 'فتحة السقف': 'كلا', 'تحت الضمان': 'كلا', 'بلوتوث': 'نعم', 'نوع الوقود': 'بنزين'}","['images/563705_0_20260520103949478185.webp', 'images/563705_1_20260520103949478719.webp', 'images/563705_2_20260520103949479001.webp', 'images/563705_3_20260520103949479302.webp', 'images/563705_4_20260520103949479560.webp', 'images/563705_5_20260520103949480132.webp', 'images/563705_6_20260520103949480443.webp']",رولز - رويس,داون,عادي,"70,000",أبيض,أزرق و أحمر,كشف,اوتوماتيك,دفع كلي مستمر,جلد,2016,12,نعم,نعم,نعم,نعم,كلا,كلا,نعم,بنزين,,,,,,,,,,,,
https://qatarsale.com/ar/product/land_rover_defender_110_2024_black_automatic_suv-604436," لاند روفر  ديفيندر  110  2024  اوتوماتيك  45,000 كم  6 سلندر  دفع رباعي  اس يو في  أسود  تحت الضمان ","295,000",ر.ق,,,,,https://qatarsale.com/ar/showroom/jbr_car_show_mawater_city,,0,0,,"['+974 51998844', '+974 6652 6622', '+974 5518 4588']",[],"['https://media-blob.qatarsale.com/604436-productimages/604436_0_20260608092745664543.webp', 'https://media-blob.qatarsale.com/604436-productimages/604436_1_20260608092745665018.webp', 'https://media-blob.qatarsale.com/604436-productimages/604436_2_20260608092745665428.webp', 'https://media-blob.qatarsale.com/604436-productimages/604436_3_20260608092745665763.webp', 'https://media-blob.qatarsale.com/604436-productimages/604436_4_20260608092745666008.webp', 'https://media-blob.qatarsale.com/604436-productimages/604436_5_20260608092745666243.webp', 'https://media-blob.qatarsale.com/604436-productimages/604436_6_20260608092745666515.webp']",7,"{'المصنع': 'لاند روفر', 'الصنف': 'ديفيندر', 'الموديل': '110', 'قاطع': '45,000', 'اللون': 'أسود', 'اللون الداخلي': 'برتقالي', 'النوع': 'اس يو في', 'ناقل السرعة': 'اوتوماتيك', 'نظام الدفع': 'دفع رباعي', 'فرش المقاعد': 'جلد', 'السنة': '2024', 'سلندر': '6', 'تحديد المواقع': 'نعم', 'سي دي': 'نعم', 'كاميرا خلفية': 'نعم', 'الحساسات': 'نعم', 'فتحة السقف': 'نعم', 'تحت الضمان': 'نعم', 'بلوتوث': 'نعم', 'نوع الوقود': 'بنزين'}","['images/604436_0_20260608092745664543.webp', 'images/604436_1_20260608092745665018.webp', 'images/604436_2_20260608092745665428.webp', 'images/604436_3_20260608092745665763.webp', 'images/604436_4_20260608092745666008.webp', 'images/604436_5_20260608092745666243.webp', 'images/604436_6_20260608092745666515.webp']",لاند روفر,ديفيندر,110,"45,000",أسود,برتقالي,اس يو في,اوتوماتيك,دفع رباعي,جلد,2024,6,نعم,نعم,نعم,نعم,نعم,نعم,نعم,بنزين,,,,,,,,,,,,
https://qatarsale.com/ar/product/dodge_challenger_red_eye_2019_gray_automatic_coupe_sport-532316," دودج  تشالنجر  ريد اي  2019  اوتوماتيك  44,300 كم  8 سلندر  دفع خلفي  كوبيه \ سبورت  رمادي ","309,999",ر.ق,,,,,https://qatarsale.com/ar/showroom/knightsbridge,,0,0,,"['+974 50542888', '+974 50542666', '+974 50542111']",[],"['https://media-blob.qatarsale.com/532316-productimages/532316_0_20260412104750471986.webp', 'https://media-blob.qatarsale.com/532316-productimages/532316_1_20260412104750472522.webp', 'https://media-blob.qatarsale.com/532316-productimages/532316_2_20260412104750473705.webp', 'https://media-blob.qatarsale.com/532316-productimages/532316_3_20260412104750474193.webp', 'https://media-blob.qatarsale.com/532316-productimages/532316_4_20260412104750474571.webp', 'https://media-blob.qatarsale.com/532316-productimages/532316_5_20260412104750475001.webp', 'https://media-blob.qatarsale.com/532316-productimages/532316_6_20260412104750475412.webp']",7,"{'المصنع': 'دودج', 'الصنف': 'تشالنجر', 'الموديل': 'ريد اي', 'قاطع': '44,300', 'اللون': 'رمادي', 'اللون الداخلي': 'أسود', 'النوع': 'كوبيه \\ سبورت', 'ناقل السرعة': 'اوتوماتيك', 'نظام الدفع': 'دفع خلفي', 'فرش المقاعد': 'شامواه \\ جلد', 'السنة': '2019', 'سلندر': '8', 'تحديد المواقع': 'نعم', 'سي دي': 'نعم', 'كاميرا خلفية': 'نعم', 'الحساسات': 'نعم', 'فتحة السقف': 'نعم', 'تحت الضمان': 'كلا', 'بلوتوث': 'نعم', 'نوع الوقود': 'بنزين'}","['images/532316_0_20260412104750471986.webp', 'images/532316_1_20260412104750472522.webp', 'images/532316_2_20260412104750473705.webp', 'images/532316_3_20260412104750474193.webp', 'images/532316_4_20260412104750474571.webp', 'images/532316_5_20260412104750475001.webp', 'images/532316_6_20260412104750475412.webp']",دودج,تشالنجر,ريد اي,"44,300",رمادي,أسود,كوبيه \ سبورت,اوتوماتيك,دفع خلفي,شامواه \ جلد,2019,8,نعم,نعم,نعم,نعم,نعم,كلا,نعم,بنزين,,,,,,,,,,,,
https://qatarsale.com/ar/product/tesla_cybertruck_foundation_series_2024_silver_automatic_pick_up-526688," تسلا  سايبر تراك  فئة فاونديشن  2024  اوتوماتيك  7,150 كم  0 سلندر  دفع كلي مستمر  بيكب  فضي ","319,999",ر.ق,,,,,https://qatarsale.com/ar/showroom/knightsbridge,,0,0,,"['+974 50542888', '+974 50542666', '+974 50542111']",[],"['https://media-blob.qatarsale.com/526688-productimages/526688_0_20260330095653758875.webp', 'https://media-blob.qatarsale.com/526688-productimages/526688_1_20260330095653759441.webp', 'https://media-blob.qatarsale.com/526688-productimages/526688_2_20260330095653759965.webp', 'https://media-blob.qatarsale.com/526688-productimages/526688_3_20260330095653760287.webp', 'https://media-blob.qatarsale.com/526688-productimages/526688_4_20260330095653760669.webp', 'https://media-blob.qatarsale.com/526688-productimages/526688_5_20260330095653761036.webp', 'https://media-blob.qatarsale.com/526688-productimages/526688_6_20260330095653761450.webp']",7,"{'المصنع': 'تسلا', 'الصنف': 'سايبر تراك', 'الموديل': 'فئة فاونديشن', 'قاطع': '7,150', 'اللون': 'فضي', 'اللون الداخلي': 'أسود', 'النوع': 'بيكب', 'ناقل السرعة': 'اوتوماتيك', 'نظام الدفع': 'دفع كلي مستمر', 'فرش المقاعد': 'جلد', 'السنة': '2024', 'سلندر': '0', 'تحديد المواقع': 'نعم', 'سي دي': 'نعم', 'كاميرا خلفية': 'نعم', 'الحساسات': 'نعم', 'فتحة السقف': 'نعم', 'تحت الضمان': 'كلا', 'بلوتوث': 'نعم', 'بانوراما': 'نعم', 'نوع الوقود': 'كهربائية'}","['images/526688_0_20260330095653758875.webp', 'images/526688_1_20260330095653759441.webp', 'images/526688_2_20260330095653759965.webp', 'images/526688_3_20260330095653760287.webp', 'images/526688_4_20260330095653760669.webp', 'images/526688_5_20260330095653761036.webp', 'images/526688_6_20260330095653761450.webp']",تسلا,سايبر تراك,فئة فاونديشن,"7,150",فضي,أسود,بيكب,اوتوماتيك,دفع كلي مستمر,جلد,2024,0,نعم,نعم,نعم,نعم,نعم,كلا,نعم,كهربائية,نعم,,,,,,,,,,,
https://qatarsale.com/ar/product/bmw_x_series_x7_40i_2025_white_automatic_suv-546908, بي ام دبليو  الفئة - اكس  اكس7 40 اي  2025  اوتوماتيك  0 كم  6 سلندر  دفع رباعي  اس يو في  أبيض  تحت الضمان ,"379,999",ر.ق,,,,,https://qatarsale.com/ar/showroom/knightsbridge,,0,0,,"['+974 50542888', '+974 50542666', '+974 50542111']",[],"['https://media-blob.qatarsale.com/546908-productimages/546908_0_20260512105657488781.webp', 'https://media-blob.qatarsale.com/546908-productimages/546908_1_20260512105657489337.webp', 'https://media-blob.qatarsale.com/546908-productimages/546908_2_20260512105657489676.webp', 'https://media-blob.qatarsale.com/546908-productimages/546908_3_20260512105657489988.webp', 'https://media-blob.qatarsale.com/546908-productimages/546908_4_20260512105657490265.webp', 'https://media-blob.qatarsale.com/546908-productimages/546908_5_20260512105657490567.webp', 'https://media-blob.qatarsale.com/546908-productimages/546908_6_20260512105657490848.webp', 'https://media-blob.qatarsale.com/546908-productimages/546908_7_20260512105657491181.webp']",8,"{'المصنع': 'بي ام دبليو', 'الصنف': 'الفئة - اكس', 'الموديل': 'اكس7 40 اي', 'قاطع': '0', 'اللون': 'أبيض', 'اللون الداخلي': 'بيج', 'النوع': 'اس يو في', 'ناقل السرعة': 'اوتوماتيك', 'نظام الدفع': 'دفع رباعي', 'فرش المقاعد': 'جلد', 'السنة': '2025', 'سلندر': '6', 'تحديد المواقع': 'نعم', 'سي دي': 'نعم', 'كاميرا خلفية': 'نعم', 'الحساسات': 'نعم', 'فتحة السقف': 'نعم', 'تحت الضمان': 'نعم', 'بلوتوث': 'نعم', 'بانوراما': 'نعم', 'نوع الوقود': 'بنزين'}","['images/546908_0_20260512105657488781.webp', 'images/546908_1_20260512105657489337.webp', 'images/546908_2_20260512105657489676.webp', 'images/546908_3_20260512105657489988.webp', 'images/546908_4_20260512105657490265.webp', 'images/546908_5_20260512105657490567.webp', 'images/546908_6_20260512105657490848.webp', 'images/546908_7_20260512105657491181.webp']",بي ام دبليو,الفئة - اكس,اكس7 40 اي,0,أبيض,بيج,اس يو في,اوتوماتيك,دفع رباعي,جلد,2025,6,نعم,نعم,نعم,نعم,نعم,نعم,نعم,بنزين,نعم,,,,,,,,,,,
https://qatarsale.com/ar/product/aston_martin_db_9_2009_gray_automatic_coupe_sport-528612," أستون مارتن  دي بي  9  2009  اوتوماتيك  40,670 كم  12 سلندر  دفع خلفي  كوبيه \ سبورت  رمادي ","189,999",ر.ق,,,,,https://qatarsale.com/ar/showroom/knightsbridge,,0,0,,"['+974 50542888', '+974 50542666', '+974 50542111']",[],"['https://media-blob.qatarsale.com/528612-productimages/528612_0_20260404110337168020.webp', 'https://media-blob.qatarsale.com/528612-productimages/528612_1_20260404110337168513.webp', 'https://media-blob.qatarsale.com/528612-productimages/528612_2_20260404110337168817.webp', 'https://media-blob.qatarsale.com/528612-productimages/528612_3_20260404110337169203.webp', 'https://media-blob.qatarsale.com/528612-productimages/528612_4_20260404110337169950.webp', 'https://media-blob.qatarsale.com/528612-productimages/528612_5_20260404110337170437.webp', 'https://media-blob.qatarsale.com/528612-productimages/528612_6_20260404110337170813.webp']",7,"{'المصنع': 'أستون مارتن', 'الصنف': 'دي بي', 'الموديل': '9', 'قاطع': '40,670', 'اللون': 'رمادي', 'اللون الداخلي': 'أسود و ابيض', 'النوع': 'كوبيه \\ سبورت', 'ناقل السرعة': 'اوتوماتيك', 'نظام الدفع': 'دفع خلفي', 'فرش المقاعد': 'جلد', 'السنة': '2009', 'سلندر': '12', 'تحديد المواقع': 'نعم', 'سي دي': 'نعم', 'كاميرا خلفية': 'نعم', 'الحساسات': 'نعم', 'فتحة السقف': 'كلا', 'تحت الضمان': 'كلا', 'بلوتوث': 'نعم', 'نوع الوقود': 'بنزين'}","['images/528612_0_20260404110337168020.webp', 'images/528612_1_20260404110337168513.webp', 'images/528612_2_20260404110337168817.webp', 'images/528612_3_20260404110337169203.webp', 'images/528612_4_20260404110337169950.webp', 'images/528612_5_20260404110337170437.webp', 'images/528612_6_20260404110337170813.webp']",أستون مارتن,دي بي,9,"40,670",رمادي,أسود و ابيض,كوبيه \ سبورت,اوتوماتيك,دفع خلفي,جلد,2009,12,نعم,نعم,نعم,نعم,كلا,كلا,نعم,بنزين,,,,,,,,,,,,
https://qatarsale.com/ar/product/porsche_boxster_2015_black_automatic_convertible-542128," بورش  بوكستر  2015  اوتوماتيك  30,555 كم  6 سلندر  دفع خلفي  كشف  أسود  تحت الضمان ","179,999",ر.ق,,,,,https://qatarsale.com/ar/showroom/knightsbridge,,0,0,,"['+974 50542888', '+974 50542666', '+974 50542111']",[],"['https://media-blob.qatarsale.com/542128-productimages/542128_0_20260503103523634291.webp', 'https://media-blob.qatarsale.com/542128-productimages/542128_1_20260503103523634800.webp', 'https://media-blob.qatarsale.com/542128-productimages/542128_2_20260503103523635120.webp', 'https://media-blob.qatarsale.com/542128-productimages/542128_3_20260503103523635384.webp', 'https://media-blob.qatarsale.com/542128-productimages/542128_4_20260503103523635753.webp', 'https://media-blob.qatarsale.com/542128-productimages/542128_5_20260503103523636005.webp', 'https://media-blob.qatarsale.com/542128-productimages/542128_6_20260503103523636312.webp']",7,"{'المصنع': 'بورش', 'الصنف': 'بوكستر', 'الموديل': 'عادي', 'قاطع': '30,555', 'اللون': 'أسود', 'اللون الداخلي': 'أحمر', 'النوع': 'كشف', 'ناقل السرعة': 'اوتوماتيك', 'نظام الدفع': 'دفع خلفي', 'فرش المقاعد': 'جلد', 'السنة': '2015', 'سلندر': '6', 'سي دي': 'نعم', 'الحساسات': 'نعم', 'فتحة السقف': 'نعم', 'تحت الضمان': 'نعم', 'بلوتوث': 'نعم', 'نوع الوقود': 'بنزين'}","['images/542128_0_20260503103523634291.webp', 'images/542128_1_20260503103523634800.webp', 'images/542128_2_20260503103523635120.webp', 'images/542128_3_20260503103523635384.webp', 'images/542128_4_20260503103523635753.webp', 'images/542128_5_20260503103523636005.webp', 'images/542128_6_20260503103523636312.webp']",بورش,بوكستر,عادي,"30,555",أسود,أحمر,كشف,اوتوماتيك,دفع خلفي,جلد,2015,6,,نعم,,نعم,نعم,نعم,نعم,بنزين,,,,,,,,,,,,
https://qatarsale.com/ar/product/bmw_x_series_x7_40i_2022_green_automatic_suv-554496," بي ام دبليو  الفئة - اكس  اكس7 40 اي  2022  اوتوماتيك  58,700 كم  6 سلندر  دفع كلي مستمر  اس يو في  أخضر  تحت الضمان ","189,999",ج. م,,,,,https://qatarsale.com/ar/showroom/knightsbridge,,0,0,,"['+974 50542888', '+974 50542666', '+974 50542111']",[],"['https://media-blob.qatarsale.com/554496-productimages/554496_0_20260516095208077002.webp', 'https://media-blob.qatarsale.com/554496-productimages/554496_1_20260516095208077547.webp', 'https://media-blob.qatarsale.com/554496-productimages/554496_2_20260516095208078000.webp', 'https://media-blob.qatarsale.com/554496-productimages/554496_3_20260516095208078313.webp', 'https://media-blob.qatarsale.com/554496-productimages/554496_4_20260516095208078542.webp', 'https://media-blob.qatarsale.com/554496-productimages/554496_5_20260516095208078962.webp', 'https://media-blob.qatarsale.com/554496-productimages/554496_6_20260516095208079250.webp']",7,"{'المصنع': 'بي ام دبليو', 'الصنف': 'الفئة - اكس', 'الموديل': 'اكس7 40 اي', 'قاطع': '58,700', 'اللون': 'أخضر', 'اللون الداخلي': 'بني وأسود', 'النوع': 'اس يو في', 'ناقل السرعة': 'اوتوماتيك', 'نظام الدفع': 'دفع كلي مستمر', 'فرش المقاعد': 'جلد', 'السنة': '2022', 'سلندر': '6', 'تحديد المواقع': 'نعم', 'سي دي': 'نعم', 'دي في دي': 'نعم', 'كاميرا خلفية': 'نعم', 'الحساسات': 'نعم', 'فتحة السقف': 'نعم', 'تحت الضمان': 'نعم', 'بلوتوث': 'نعم', 'نوع الوقود': 'بنزين'}","['images/554496_0_20260516095208077002.webp', 'images/554496_1_20260516095208077547.webp', 'images/554496_2_20260516095208078000.webp', 'images/554496_3_20260516095208078313.webp', 'images/554496_4_20260516095208078542.webp', 'images/554496_5_20260516095208078962.webp', 'images/554496_6_20260516095208079250.webp']",بي ام دبليو,الفئة - اكس,اكس7 40 اي,"58,700",أخضر,بني وأسود,اس يو في,اوتوماتيك,دفع كلي مستمر,جلد,2022,6,نعم,نعم,نعم,نعم,نعم,نعم,نعم,بنزين,,نعم,,,,,,,,,,
https://qatarsale.com/ar/product/land_rover_range_rover_vogue_hse_2023_white_automatic_suv-554501," لاند روفر  رنج روفر  فوج اتش اس اي  2023  اوتوماتيك  53,500 كم  6 سلندر  دفع رباعي  اس يو في  أبيض  تحت الضمان ","439,999",ر.ق,,,,,https://qatarsale.com/ar/showroom/knightsbridge,,0,0,,"['+974 50542888', '+974 50542666', '+974 50542111']",[],"['https://media-blob.qatarsale.com/554501-productimages/554501_0_20260516095503526913.webp', 'https://media-blob.qatarsale.com/554501-productimages/554501_1_20260516095503527379.webp', 'https://media-blob.qatarsale.com/554501-productimages/554501_2_20260516095503527722.webp', 'https://media-blob.qatarsale.com/554501-productimages/554501_3_20260516095503528079.webp', 'https://media-blob.qatarsale.com/554501-productimages/554501_4_20260516095503528455.webp', 'https://media-blob.qatarsale.com/554501-productimages/554501_5_20260516095503528768.webp', 'https://media-blob.qatarsale.com/554501-productimages/554501_6_20260516095503529120.webp']",7,"{'المصنع': 'لاند روفر', 'الصنف': 'رنج روفر', 'الموديل': 'فوج اتش اس اي', 'قاطع': '53,500', 'اللون': 'أبيض', 'اللون الداخلي': 'بني وأسود', 'النوع': 'اس يو في', 'ناقل السرعة': 'اوتوماتيك', 'نظام الدفع': 'دفع رباعي', 'فرش المقاعد': 'جلد', 'السنة': '2023', 'سلندر': '6', 'تحديد المواقع': 'نعم', 'سي دي': 'نعم', 'كاميرا خلفية': 'نعم', 'الحساسات': 'نعم', 'فتحة السقف': 'نعم', 'تحت الضمان': 'نعم', 'بلوتوث': 'نعم', 'نوع الوقود': 'بنزين'}","['images/554501_0_20260516095503526913.webp', 'images/554501_1_20260516095503527379.webp', 'images/554501_2_20260516095503527722.webp', 'images/554501_3_20260516095503528079.webp', 'images/554501_4_20260516095503528455.webp', 'images/554501_5_20260516095503528768.webp', 'images/554501_6_20260516095503529120.webp']",لاند روفر,رنج روفر,فوج اتش اس اي,"53,500",أبيض,بني وأسود,اس يو في,اوتوماتيك,دفع رباعي,جلد,2023,6,نعم,نعم,نعم,نعم,نعم,نعم,نعم,بنزين,,,,,,,,,,,,
https://qatarsale.com/ar/product/bmw_x_series_x5_50i_2021_white_automatic_suv-574059," بي ام دبليو  الفئة - اكس  اكس5 50 اي  2021  اوتوماتيك  55,130 كم  8 سلندر  دفع رباعي  اس يو في  أبيض  تحت الضمان ","199,999",ر.ق,,,,,https://qatarsale.com/ar/showroom/knightsbridge,,0,0,,"['+974 50542888', '+974 50542666', '+974 50542111']",[],"['https://media-blob.qatarsale.com/574059-productimages/574059_0_20260525095719776779.webp', 'https://media-blob.qatarsale.com/574059-productimages/574059_1_20260525095719778573.webp', 'https://media-blob.qatarsale.com/574059-productimages/574059_2_20260525095719779372.webp', 'https://media-blob.qatarsale.com/574059-productimages/574059_3_20260525095719779702.webp', 'https://media-blob.qatarsale.com/574059-productimages/574059_4_20260525095719779994.webp', 'https://media-blob.qatarsale.com/574059-productimages/574059_5_20260525095719780329.webp', 'https://media-blob.qatarsale.com/574059-productimages/574059_6_20260525095719780676.webp']",7,"{'المصنع': 'بي ام دبليو', 'الصنف': 'الفئة - اكس', 'الموديل': 'اكس5 50 اي', 'قاطع': '55,130', 'اللون': 'أبيض', 'اللون الداخلي': 'بني', 'النوع': 'اس يو في', 'ناقل السرعة': 'اوتوماتيك', 'نظام الدفع': 'دفع رباعي', 'فرش المقاعد': 'جلد', 'السنة': '2021', 'سلندر': '8', 'تحديد المواقع': 'نعم', 'سي دي': 'نعم', 'كاميرا خلفية': 'نعم', 'الحساسات': 'نعم', 'فتحة السقف': 'نعم', 'تحت الضمان': 'نعم', 'بلوتوث': 'نعم', 'نوع الوقود': 'بنزين'}","['images/574059_0_20260525095719776779.webp', 'images/574059_1_20260525095719778573.webp', 'images/574059_2_20260525095719779372.webp', 'images/574059_3_20260525095719779702.webp', 'images/574059_4_20260525095719779994.webp', 'images/574059_5_20260525095719780329.webp', 'images/574059_6_20260525095719780676.webp']",بي ام دبليو,الفئة - اكس,اكس5 50 اي,"55,130",أبيض,بني,اس يو في,اوتوماتيك,دفع رباعي,جلد,2021,8,نعم,نعم,نعم,نعم,نعم,نعم,نعم,بنزين,,,,,,,,,,,,
https://qatarsale.com/ar/product/bentley_eight_1985_black_automatic_classic-525241," بنتلي  ايت  1985  اوتوماتيك  8,950 كم  8 سلندر  دفع خلفي  كلاسك  أسود ","139,999",ر.ق,,,,,https://qatarsale.com/ar/showroom/knightsbridge,,0,0,,"['+974 50542888', '+974 50542666', '+974 50542111']",[],"['https://media-blob.qatarsale.com/525241-productimages/525241_0_20260326080439661856.webp', 'https://media-blob.qatarsale.com/525241-productimages/525241_2_20260326080439662950.webp', 'https://media-blob.qatarsale.com/525241-productimages/525241_3_20260326080439663317.webp', 'https://media-blob.qatarsale.com/525241-productimages/525241_4_20260326080439663769.webp', 'https://media-blob.qatarsale.com/525241-productimages/525241_5_20260326080439664105.webp', 'https://media-blob.qatarsale.com/525241-productimages/525241_6_20260326080439664367.webp']",6,"{'المصنع': 'بنتلي', 'الصنف': 'ايت', 'الموديل': 'عادي', 'قاطع': '8,950', 'اللون': 'أسود', 'اللون الداخلي': 'بني وسكري', 'النوع': 'كلاسك', 'ناقل السرعة': 'اوتوماتيك', 'نظام الدفع': 'دفع خلفي', 'فرش المقاعد': 'جلد', 'السنة': '1985', 'سلندر': '8', 'سي دي': 'نعم', 'فتحة السقف': 'كلا', 'تحت الضمان': 'كلا', 'نوع الوقود': 'بنزين'}","['images/525241_0_20260326080439661856.webp', 'images/525241_2_20260326080439662950.webp', 'images/525241_3_20260326080439663317.webp', 'images/525241_4_20260326080439663769.webp', 'images/525241_5_20260326080439664105.webp', 'images/525241_6_20260326080439664367.webp']",بنتلي,ايت,عادي,"8,950",أسود,بني وسكري,كلاسك,اوتوماتيك,دفع خلفي,جلد,1985,8,,نعم,,,كلا,كلا,,بنزين,,,,,,,,,,,,
https://qatarsale.com/ar/product/tesla_model_x_plaid_2024_black_automatic_sedan-537238," تسلا  مودل اكس  بليد  2024  اوتوماتيك  17,600 كم  0 سلندر  دفع كلي مستمر  سيدان  أسود  تحت الضمان ","329,999",ر.ق,,,,,https://qatarsale.com/ar/showroom/knightsbridge,,0,0,,"['+974 50542888', '+974 50542666', '+974 50542111']",[],"['https://media-blob.qatarsale.com/537238-productimages/537238_0_20260422111254223820.webp', 'https://media-blob.qatarsale.com/537238-productimages/537238_1_20260422111254224358.webp', 'https://media-blob.qatarsale.com/537238-productimages/537238_2_20260422111254224611.webp', 'https://media-blob.qatarsale.com/537238-productimages/537238_3_20260422111254224890.webp', 'https://media-blob.qatarsale.com/537238-productimages/537238_4_20260422111254225109.webp', 'https://media-blob.qatarsale.com/537238-productimages/537238_5_20260422111254225369.webp', 'https://media-blob.qatarsale.com/537238-productimages/537238_6_20260422111254225609.webp', 'https://media-blob.qatarsale.com/537238-productimages/537238_7_20260422111254225902.webp']",8,"{'المصنع': 'تسلا', 'الصنف': 'مودل اكس', 'الموديل': 'بليد', 'قاطع': '17,600', 'اللون': 'أسود', 'اللون الداخلي': 'أسود & سكري', 'النوع': 'سيدان', 'ناقل السرعة': 'اوتوماتيك', 'نظام الدفع': 'دفع كلي مستمر', 'فرش المقاعد': 'جلد', 'السنة': '2024', 'سلندر': '0', 'تحديد المواقع': 'نعم', 'سي دي': 'نعم', 'كاميرا خلفية': 'نعم', 'الحساسات': 'نعم', 'فتحة السقف': 'نعم', 'تحت الضمان': 'نعم', 'بلوتوث': 'نعم', 'بانوراما': 'نعم', 'نوع الوقود': 'كهربائية'}","['images/537238_0_20260422111254223820.webp', 'images/537238_1_20260422111254224358.webp', 'images/537238_2_20260422111254224611.webp', 'images/537238_3_20260422111254224890.webp', 'images/537238_4_20260422111254225109.webp', 'images/537238_5_20260422111254225369.webp', 'images/537238_6_20260422111254225609.webp', 'images/537238_7_20260422111254225902.webp']",تسلا,مودل اكس,بليد,"17,600",أسود,أسود & سكري,سيدان,اوتوماتيك,دفع كلي مستمر,جلد,2024,0,نعم,نعم,نعم,نعم,نعم,نعم,نعم,كهربائية,نعم,,,,,,,,,,,
https://qatarsale.com/ar/product/dodge_ram_limited_2024_white_automatic_pick_up-572092," دودج  رام  لميتد  2024  اوتوماتيك  2,378 كم  8 سلندر  دفع رباعي  بيكب  أبيض  تحت الضمان ","199,999",ر.ق,,,,,https://qatarsale.com/ar/showroom/knightsbridge,,0,0,,"['+974 50542888', '+974 50542666', '+974 50542111']",[],"['https://media-blob.qatarsale.com/572092-productimages/572092_0_20260524095933541898.webp', 'https://media-blob.qatarsale.com/572092-productimages/572092_1_20260524095933542251.webp', 'https://media-blob.qatarsale.com/572092-productimages/572092_2_20260524095933542523.webp', 'https://media-blob.qatarsale.com/572092-productimages/572092_3_20260524095933542812.webp', 'https://media-blob.qatarsale.com/572092-productimages/572092_4_20260524095933543108.webp', 'https://media-blob.qatarsale.com/572092-productimages/572092_5_20260524095933543410.webp', 'https://media-blob.qatarsale.com/572092-productimages/572092_6_20260524095933543744.webp']",7,"{'المصنع': 'دودج', 'الصنف': 'رام', 'الموديل': 'لميتد', 'قاطع': '2,378', 'اللون': 'أبيض', 'اللون الداخلي': 'أسود', 'النوع': 'بيكب', 'ناقل السرعة': 'اوتوماتيك', 'نظام الدفع': 'دفع رباعي', 'فرش المقاعد': 'جلد', 'السنة': '2024', 'سلندر': '8', 'تحديد المواقع': 'نعم', 'سي دي': 'نعم', 'كاميرا خلفية': 'نعم', 'الحساسات': 'نعم', 'فتحة السقف': 'نعم', 'تحت الضمان': 'نعم', 'بلوتوث': 'نعم', 'نوع الوقود': 'بنزين'}","['images/572092_0_20260524095933541898.webp', 'images/572092_1_20260524095933542251.webp', 'images/572092_2_20260524095933542523.webp', 'images/572092_3_20260524095933542812.webp', 'images/572092_4_20260524095933543108.webp', 'images/572092_5_20260524095933543410.webp', 'images/572092_6_20260524095933543744.webp']",دودج,رام,لميتد,"2,378",أبيض,أسود,بيكب,اوتوماتيك,دفع رباعي,جلد,2024,8,نعم,نعم,نعم,نعم,نعم,نعم,نعم,بنزين,,,,,,,,,,,,
https://qatarsale.com/ar/product/mercedes_benz_s_class_400_2015_blue_automatic_sedan-539304," مرسيدس - بنز  اس - كلاس  400  2015  اوتوماتيك  81,000 كم  6 سلندر  دفع خلفي  سيدان  ازرق ","99,999",ر.ق,,,,,https://qatarsale.com/ar/showroom/knightsbridge,,0,0,,"['+974 50542888', '+974 50542666', '+974 50542111']",[],"['https://media-blob.qatarsale.com/539304-productimages/539304_0_20260427100733537613.webp', 'https://media-blob.qatarsale.com/539304-productimages/539304_1_20260427100733538063.webp', 'https://media-blob.qatarsale.com/539304-productimages/539304_2_20260427100733538460.webp', 'https://media-blob.qatarsale.com/539304-productimages/539304_3_20260427100733538771.webp', 'https://media-blob.qatarsale.com/539304-productimages/539304_4_20260427100733539113.webp', 'https://media-blob.qatarsale.com/539304-productimages/539304_5_20260427100733539374.webp', 'https://media-blob.qatarsale.com/539304-productimages/539304_6_20260427100733539662.webp']",7,"{'المصنع': 'مرسيدس - بنز', 'الصنف': 'اس - كلاس', 'الموديل': '400', 'قاطع': '81,000', 'اللون': 'ازرق', 'اللون الداخلي': 'بيج', 'النوع': 'سيدان', 'ناقل السرعة': 'اوتوماتيك', 'نظام الدفع': 'دفع خلفي', 'فرش المقاعد': 'جلد', 'السنة': '2015', 'سلندر': '6', 'تحديد المواقع': 'نعم', 'سي دي': 'نعم', 'كاميرا خلفية': 'نعم', 'الحساسات': 'نعم', 'فتحة السقف': 'نعم', 'تحت الضمان': 'كلا', 'بلوتوث': 'نعم', 'نوع الوقود': 'بنزين'}","['images/539304_0_20260427100733537613.webp', 'images/539304_1_20260427100733538063.webp', 'images/539304_2_20260427100733538460.webp', 'images/539304_3_20260427100733538771.webp', 'images/539304_4_20260427100733539113.webp', 'images/539304_5_20260427100733539374.webp', 'images/539304_6_20260427100733539662.webp']",مرسيدس - بنز,اس - كلاس,400,"81,000",ازرق,بيج,سيدان,اوتوماتيك,دفع خلفي,جلد,2015,6,نعم,نعم,نعم,نعم,نعم,كلا,نعم,بنزين,,,,,,,,,,,,
https://qatarsale.com/ar/product/dodge_charger_rt_2016_blue_automatic_sedan-587578," دودج  تشارجر  ار تي  2016  اوتوماتيك  282,000 كم  8 سلندر  دفع خلفي  سيدان  ازرق ","43,000",ر.ق,,,,,https://qatarsale.com/ar/showroom/roz_car_showroom_mawater_city,,0,0,,"['+974  71717182', '+974 71717157']",[],"['https://media-blob.qatarsale.com/587578-productimages/587578_0_20260603084201923223.webp', 'https://media-blob.qatarsale.com/587578-productimages/587578_1_20260603084201923743.webp', 'https://media-blob.qatarsale.com/587578-productimages/587578_2_20260603084201924034.webp', 'https://media-blob.qatarsale.com/587578-productimages/587578_3_20260603084201924338.webp', 'https://media-blob.qatarsale.com/587578-productimages/587578_4_20260603084201924607.webp', 'https://media-blob.qatarsale.com/587578-productimages/587578_5_20260603084201924840.webp']",6,"{'المصنع': 'دودج', 'الصنف': 'تشارجر', 'الموديل': 'ار تي', 'قاطع': '282,000', 'اللون': 'ازرق', 'اللون الداخلي': 'فضي و أسود', 'النوع': 'سيدان', 'ناقل السرعة': 'اوتوماتيك', 'نظام الدفع': 'دفع خلفي', 'فرش المقاعد': 'قماش', 'السنة': '2016', 'سلندر': '8', 'تحديد المواقع': 'نعم', 'سي دي': 'نعم', 'كاميرا خلفية': 'نعم', 'الحساسات': 'نعم', 'فتحة السقف': 'كلا', 'تحت الضمان': 'كلا', 'بلوتوث': 'نعم', 'نوع الوقود': 'بنزين'}","['images/587578_0_20260603084201923223.webp', 'images/587578_1_20260603084201923743.webp', 'images/587578_2_20260603084201924034.webp', 'images/587578_3_20260603084201924338.webp', 'images/587578_4_20260603084201924607.webp', 'images/587578_5_20260603084201924840.webp']",دودج,تشارجر,ار تي,"282,000",ازرق,فضي و أسود,سيدان,اوتوماتيك,دفع خلفي,قماش,2016,8,نعم,نعم,نعم,نعم,كلا,كلا,نعم,بنزين,,,,,,,,,,,,
https://qatarsale.com/ar/product/mercedes_benz_g_class_63_amg_2016_white_automatic_suv-563710," مرسيدس - بنز  جي - كلاس  63 اي ام جي  2016  اوتوماتيك  76,250 كم  8 سلندر  دفع رباعي  اس يو في  أبيض ","199,999",ر.ق,,,,,https://qatarsale.com/ar/showroom/knightsbridge,,0,0,,"['+974 50542888', '+974 50542666', '+974 50542111']",[],"['https://media-blob.qatarsale.com/563710-productimages/563710_0_20260520104749019470.webp', 'https://media-blob.qatarsale.com/563710-productimages/563710_1_20260520104749020113.webp', 'https://media-blob.qatarsale.com/563710-productimages/563710_2_20260520104749020616.webp', 'https://media-blob.qatarsale.com/563710-productimages/563710_3_20260520104749021039.webp', 'https://media-blob.qatarsale.com/563710-productimages/563710_4_20260520104749021452.webp', 'https://media-blob.qatarsale.com/563710-productimages/563710_5_20260520104749021740.webp', 'https://media-blob.qatarsale.com/563710-productimages/563710_6_20260520104749022055.webp']",7,"{'المصنع': 'مرسيدس - بنز', 'الصنف': 'جي - كلاس', 'الموديل': '63 اي ام جي', 'قاطع': '76,250', 'اللون': 'أبيض', 'اللون الداخلي': 'أحمر وأسود', 'النوع': 'اس يو في', 'ناقل السرعة': 'اوتوماتيك', 'نظام الدفع': 'دفع رباعي', 'فرش المقاعد': 'جلد', 'السنة': '2016', 'سلندر': '8', 'تحديد المواقع': 'نعم', 'سي دي': 'نعم', 'كاميرا خلفية': 'نعم', 'الحساسات': 'نعم', 'فتحة السقف': 'نعم', 'تحت الضمان': 'كلا', 'بلوتوث': 'نعم', 'نوع الوقود': 'بنزين'}","['images/563710_0_20260520104749019470.webp', 'images/563710_1_20260520104749020113.webp', 'images/563710_2_20260520104749020616.webp', 'images/563710_3_20260520104749021039.webp', 'images/563710_4_20260520104749021452.webp', 'images/563710_5_20260520104749021740.webp', 'images/563710_6_20260520104749022055.webp']",مرسيدس - بنز,جي - كلاس,63 اي ام جي,"76,250",أبيض,أحمر وأسود,اس يو في,اوتوماتيك,دفع رباعي,جلد,2016,8,نعم,نعم,نعم,نعم,نعم,كلا,نعم,بنزين,,,,,,,,,,,,
https://qatarsale.com/ar/product/byd_leopard_8_2025_gray_automatic_suv-604438," بي واي دي  ليوبارد 8  2025  اوتوماتيك  21,000 كم  4 سلندر  دفع كلي مستمر  اس يو في  رمادي  تحت الضمان ","237,000",ر.ق,,,,,https://qatarsale.com/ar/showroom/showroom_2000,,0,0,,"['+974 55522668', '+974 55522668', '+974']",[],"['https://media-blob.qatarsale.com/604438-productimages/604438_0_20260608092943440126.webp', 'https://media-blob.qatarsale.com/604438-productimages/604438_1_20260608092943440704.webp', 'https://media-blob.qatarsale.com/604438-productimages/604438_2_20260608092943441099.webp', 'https://media-blob.qatarsale.com/604438-productimages/604438_3_20260608092943441343.webp', 'https://media-blob.qatarsale.com/604438-productimages/604438_4_20260608092943441788.webp', 'https://media-blob.qatarsale.com/604438-productimages/604438_5_20260608092943442049.webp']",6,"{'المصنع': 'بي واي دي', 'الصنف': 'ليوبارد 8', 'الموديل': 'عادي', 'قاطع': '21,000', 'اللون': 'رمادي', 'اللون الداخلي': 'بيج', 'النوع': 'اس يو في', 'ناقل السرعة': 'اوتوماتيك', 'نظام الدفع': 'دفع كلي مستمر', 'فرش المقاعد': 'جلد', 'السنة': '2025', 'سلندر': '4', 'سي دي': 'نعم', 'الحساسات': 'نعم', 'فتحة السقف': 'نعم', 'تحت الضمان': 'نعم', 'بلوتوث': 'نعم', 'نوع الوقود': 'بنزين'}","['images/604438_0_20260608092943440126.webp', 'images/604438_1_20260608092943440704.webp', 'images/604438_2_20260608092943441099.webp', 'images/604438_3_20260608092943441343.webp', 'images/604438_4_20260608092943441788.webp', 'images/604438_5_20260608092943442049.webp']",بي واي دي,ليوبارد 8,عادي,"21,000",رمادي,بيج,اس يو في,اوتوماتيك,دفع كلي مستمر,جلد,2025,4,,نعم,,نعم,نعم,نعم,نعم,بنزين,,,,,,,,,,,,
https://qatarsale.com/ar/product/toyota_yaris_gr_2026_white_manual_hatchback-544222," تويوتا  ياريس  جي ار  2026  عادي  2,361 كم  3 سلندر  دفع كلي مستمر  هاتشباك  أبيض  تحت الضمان ","189,999",ر.ق,,,,,https://qatarsale.com/ar/showroom/knightsbridge,,0,0,,"['+974 50542888', '+974 50542666', '+974 50542111']",[],"['https://media-blob.qatarsale.com/544222-productimages/544222_0_20260507105746595518.webp', 'https://media-blob.qatarsale.com/544222-productimages/544222_1_20260507105746595928.webp', 'https://media-blob.qatarsale.com/544222-productimages/544222_2_20260507105746596223.webp', 'https://media-blob.qatarsale.com/544222-productimages/544222_3_20260507105746596497.webp', 'https://media-blob.qatarsale.com/544222-productimages/544222_4_20260507105746596761.webp', 'https://media-blob.qatarsale.com/544222-productimages/544222_5_20260507105746597042.webp', 'https://media-blob.qatarsale.com/544222-productimages/544222_6_20260507105746597349.webp']",7,"{'المصنع': 'تويوتا', 'الصنف': 'ياريس', 'الموديل': 'جي ار', 'قاطع': '2,361', 'اللون': 'أبيض', 'اللون الداخلي': 'أسود', 'النوع': 'هاتشباك', 'ناقل السرعة': 'عادي', 'نظام الدفع': 'دفع كلي مستمر', 'فرش المقاعد': 'قماش', 'السنة': '2026', 'سلندر': '3', 'تحديد المواقع': 'نعم', 'سي دي': 'نعم', 'كاميرا خلفية': 'نعم', 'الحساسات': 'نعم', 'فتحة السقف': 'كلا', 'تحت الضمان': 'نعم', 'بلوتوث': 'نعم', 'نوع الوقود': 'بنزين'}","['images/544222_0_20260507105746595518.webp', 'images/544222_1_20260507105746595928.webp', 'images/544222_2_20260507105746596223.webp', 'images/544222_3_20260507105746596497.webp', 'images/544222_4_20260507105746596761.webp', 'images/544222_5_20260507105746597042.webp', 'images/544222_6_20260507105746597349.webp']",تويوتا,ياريس,جي ار,"2,361",أبيض,أسود,هاتشباك,عادي,دفع كلي مستمر,قماش,2026,3,نعم,نعم,نعم,نعم,كلا,نعم,نعم,بنزين,,,,,,,,,,,,
https://qatarsale.com/ar/product/nissan_patrol_xe_2014_white_automatic_suv-604434," نيسان  باترول  أكس أي  2014  اوتوماتيك  290,000 كم  6 سلندر  دفع رباعي  اس يو في  أبيض ","39,000",ر.ق,,,,,https://qatarsale.com/ar/showroom/jbr_car_show_mawater_city,,0,0,,"['+974 51998844', '+974 6652 6622', '+974 5518 4588']",[],"['https://media-blob.qatarsale.com/604434-productimages/604434_0_20260608092537910389.webp', 'https://media-blob.qatarsale.com/604434-productimages/604434_1_20260608092537911087.webp', 'https://media-blob.qatarsale.com/604434-productimages/604434_2_20260608092537911365.webp', 'https://media-blob.qatarsale.com/604434-productimages/604434_3_20260608092537911711.webp', 'https://media-blob.qatarsale.com/604434-productimages/604434_4_20260608092537911929.webp', 'https://media-blob.qatarsale.com/604434-productimages/604434_5_20260608092537912181.webp', 'https://media-blob.qatarsale.com/604434-productimages/604434_6_20260608092537912444.webp', 'https://media-blob.qatarsale.com/604434-productimages/604434_7_20260608092537912732.webp']",8,"{'المصنع': 'نيسان', 'الصنف': 'باترول', 'الموديل': 'أكس أي', 'قاطع': '290,000', 'اللون': 'أبيض', 'اللون الداخلي': 'أسود', 'النوع': 'اس يو في', 'ناقل السرعة': 'اوتوماتيك', 'نظام الدفع': 'دفع رباعي', 'فرش المقاعد': 'قماش', 'السنة': '2014', 'سلندر': '6', 'تحديد المواقع': 'نعم', 'سي دي': 'نعم', 'كاميرا خلفية': 'نعم', 'الحساسات': 'نعم', 'فتحة السقف': 'كلا', 'تحت الضمان': 'كلا', 'بلوتوث': 'نعم', 'نوع الوقود': 'بنزين'}","['images/604434_0_20260608092537910389.webp', 'images/604434_1_20260608092537911087.webp', 'images/604434_2_20260608092537911365.webp', 'images/604434_3_20260608092537911711.webp', 'images/604434_4_20260608092537911929.webp', 'images/604434_5_20260608092537912181.webp', 'images/604434_6_20260608092537912444.webp', 'images/604434_7_20260608092537912732.webp']",نيسان,باترول,أكس أي,"290,000",أبيض,أسود,اس يو في,اوتوماتيك,دفع رباعي,قماش,2014,6,نعم,نعم,نعم,نعم,كلا,كلا,نعم,بنزين,,,,,,,,,,,,
https://qatarsale.com/ar/product/toyota_land_cruiser_vxs_2021_black_automatic_suv-579448," تويوتا  لاند كروزر  في اكس أس  2021  اوتوماتيك  255,000 كم  8 سلندر  دفع رباعي  اس يو في  أسود ","155,000",ر.ق,,,,,https://qatarsale.com/ar/showroom/showroom_2000,,0,0,,"['+974 55522668', '+974 55522668', '+974']",[],"['https://media-blob.qatarsale.com/579448-productimages/579448_0_20260601092850473573.webp', 'https://media-blob.qatarsale.com/579448-productimages/579448_1_20260601092850474031.webp', 'https://media-blob.qatarsale.com/579448-productimages/579448_2_20260601092850474308.webp', 'https://media-blob.qatarsale.com/579448-productimages/579448_3_20260601092850474599.webp', 'https://media-blob.qatarsale.com/579448-productimages/579448_4_20260601092850474931.webp', 'https://media-blob.qatarsale.com/579448-productimages/579448_5_20260601092850475236.webp', 'https://media-blob.qatarsale.com/579448-productimages/579448_6_20260601092850475486.webp']",7,"{'المصنع': 'تويوتا', 'الصنف': 'لاند كروزر', 'الموديل': 'في اكس أس', 'قاطع': '255,000', 'اللون': 'أسود', 'اللون الداخلي': 'بني', 'النوع': 'اس يو في', 'ناقل السرعة': 'اوتوماتيك', 'نظام الدفع': 'دفع رباعي', 'فرش المقاعد': 'جلد', 'السنة': '2021', 'سلندر': '8', 'الحساسات': 'نعم', 'فتحة السقف': 'نعم', 'تحت الضمان': 'كلا', 'بلوتوث': 'نعم', 'نوع الوقود': 'بنزين'}","['images/579448_0_20260601092850473573.webp', 'images/579448_1_20260601092850474031.webp', 'images/579448_2_20260601092850474308.webp', 'images/579448_3_20260601092850474599.webp', 'images/579448_4_20260601092850474931.webp', 'images/579448_5_20260601092850475236.webp', 'images/579448_6_20260601092850475486.webp']",تويوتا,لاند كروزر,في اكس أس,"255,000",أسود,بني,اس يو في,اوتوماتيك,دفع رباعي,جلد,2021,8,,,,نعم,نعم,كلا,نعم,بنزين,,,,,,,,,,,,
https://qatarsale.com/ar/product/gwm_tank_700_2026_gray_automatic_suv-543099," جي دبليو ام  تانك  700  2026  اوتوماتيك  5,000 كم  6 سلندر  دفع رباعي  اس يو في  رمادي  تحت الضمان ","225,000",ر.ق,,,,,https://qatarsale.com/ar/showroom/roz_car_showroom_mawater_city,,0,0,,"['+974  71717182', '+974 71717157']",[],"['https://media-blob.qatarsale.com/543099-productimages/543099_0_20260505073830093127.webp', 'https://media-blob.qatarsale.com/543099-productimages/543099_1_20260505073830094295.webp', 'https://media-blob.qatarsale.com/543099-productimages/543099_2_20260505073830094691.webp', 'https://media-blob.qatarsale.com/543099-productimages/543099_3_20260505073830095023.webp', 'https://media-blob.qatarsale.com/543099-productimages/543099_4_20260505073830095279.webp', 'https://media-blob.qatarsale.com/543099-productimages/543099_5_20260505073830095726.webp', 'https://media-blob.qatarsale.com/543099-productimages/543099_6_20260505073830096023.webp']",7,"{'المصنع': 'جي دبليو ام', 'الصنف': 'تانك', 'الموديل': '700', 'قاطع': '5,000', 'اللون': 'رمادي', 'اللون الداخلي': 'برتقالي', 'النوع': 'اس يو في', 'ناقل السرعة': 'اوتوماتيك', 'نظام الدفع': 'دفع رباعي', 'فرش المقاعد': 'جلد', 'السنة': '2026', 'سلندر': '6', 'تحديد المواقع': 'نعم', 'سي دي': 'نعم', 'دي في دي': 'كلا', 'كاميرا خلفية': 'نعم', 'الحساسات': 'نعم', 'فتحة السقف': 'نعم', 'تحت الضمان': 'نعم', 'بلوتوث': 'نعم', 'بانوراما': 'كلا', 'كاميرا امامية': 'كلا', 'المالك الأول': 'كلا', 'الطلاء الأصلي': 'كلا', 'تدفئة في المقاعد': 'كلا', 'تبريد في المقاعد': 'كلا', 'دخول بدون مفتاح': 'كلا', 'تدليك في المقاعد': 'كلا', 'نوع الوقود': 'بنزين'}","['images/543099_0_20260505073830093127.webp', 'images/543099_1_20260505073830094295.webp', 'images/543099_2_20260505073830094691.webp', 'images/543099_3_20260505073830095023.webp', 'images/543099_4_20260505073830095279.webp', 'images/543099_5_20260505073830095726.webp', 'images/543099_6_20260505073830096023.webp']",جي دبليو ام,تانك,700,"5,000",رمادي,برتقالي,اس يو في,اوتوماتيك,دفع رباعي,جلد,2026,6,نعم,نعم,نعم,نعم,نعم,نعم,نعم,بنزين,كلا,كلا,كلا,كلا,كلا,كلا,كلا,كلا,كلا,,,
https://qatarsale.com/ar/product/land_rover_defender_110_kahn_2016_white_manual_suv-538251," لاند روفر  ديفيندر  110 خان  2016  عادي  26,500 كم  4 سلندر  دفع رباعي  اس يو في  أبيض ","289,999",ر.ق,,,,,https://qatarsale.com/ar/showroom/knightsbridge,,0,0,,"['+974 50542888', '+974 50542666', '+974 50542111']",[],"['https://media-blob.qatarsale.com/538251-productimages/538251_0_20260425103620208510.webp', 'https://media-blob.qatarsale.com/538251-productimages/538251_1_20260425103620209126.webp', 'https://media-blob.qatarsale.com/538251-productimages/538251_2_20260425103620209482.webp', 'https://media-blob.qatarsale.com/538251-productimages/538251_3_20260425103620209859.webp', 'https://media-blob.qatarsale.com/538251-productimages/538251_4_20260425103620210112.webp', 'https://media-blob.qatarsale.com/538251-productimages/538251_5_20260425103620210434.webp', 'https://media-blob.qatarsale.com/538251-productimages/538251_6_20260425103620210694.webp', 'https://media-blob.qatarsale.com/538251-productimages/538251_7_20260425103620210984.webp']",8,"{'المصنع': 'لاند روفر', 'الصنف': 'ديفيندر', 'الموديل': '110 خان', 'قاطع': '26,500', 'اللون': 'أبيض', 'اللون الداخلي': 'أحمر وأسود', 'النوع': 'اس يو في', 'ناقل السرعة': 'عادي', 'نظام الدفع': 'دفع رباعي', 'فرش المقاعد': 'جلد', 'السنة': '2016', 'سلندر': '4', 'سي دي': 'نعم', 'كاميرا خلفية': 'نعم', 'الحساسات': 'نعم', 'فتحة السقف': 'نعم', 'تحت الضمان': 'كلا', 'بلوتوث': 'نعم', 'نوع الوقود': 'ديزل'}","['images/538251_0_20260425103620208510.webp', 'images/538251_1_20260425103620209126.webp', 'images/538251_2_20260425103620209482.webp', 'images/538251_3_20260425103620209859.webp', 'images/538251_4_20260425103620210112.webp', 'images/538251_5_20260425103620210434.webp', 'images/538251_6_20260425103620210694.webp', 'images/538251_7_20260425103620210984.webp']",لاند روفر,ديفيندر,110 خان,"26,500",أبيض,أحمر وأسود,اس يو في,عادي,دفع رباعي,جلد,2016,4,,نعم,نعم,نعم,نعم,كلا,نعم,ديزل,,,,,,,,,,,,
https://qatarsale.com/ar/product/land_rover_defender_90_2012_green_manual_suv-531829," لاند روفر  ديفيندر  90  2012  عادي  83,900 كم  6 سلندر  دفع رباعي  اس يو في  أخضر ","269,999",ر.ق,,,,,https://qatarsale.com/ar/showroom/knightsbridge,,0,0,,"['+974 50542888', '+974 50542666', '+974 50542111']",[],"['https://media-blob.qatarsale.com/531829-productimages/531829_0_20260411105002350015.webp', 'https://media-blob.qatarsale.com/531829-productimages/531829_1_20260411105002350492.webp', 'https://media-blob.qatarsale.com/531829-productimages/531829_2_20260411105002350966.webp', 'https://media-blob.qatarsale.com/531829-productimages/531829_3_20260411105002351320.webp', 'https://media-blob.qatarsale.com/531829-productimages/531829_4_20260411105002351636.webp', 'https://media-blob.qatarsale.com/531829-productimages/531829_5_20260411105002352060.webp', 'https://media-blob.qatarsale.com/531829-productimages/531829_6_20260411105002352460.webp']",7,"{'المصنع': 'لاند روفر', 'الصنف': 'ديفيندر', 'الموديل': '90', 'قاطع': '83,900', 'اللون': 'أخضر', 'اللون الداخلي': 'بني وأسود', 'النوع': 'اس يو في', 'ناقل السرعة': 'عادي', 'نظام الدفع': 'دفع رباعي', 'فرش المقاعد': 'جلد', 'السنة': '2012', 'سلندر': '6', 'سي دي': 'نعم', 'فتحة السقف': 'كلا', 'تحت الضمان': 'كلا', 'نوع الوقود': 'بنزين'}","['images/531829_0_20260411105002350015.webp', 'images/531829_1_20260411105002350492.webp', 'images/531829_2_20260411105002350966.webp', 'images/531829_3_20260411105002351320.webp', 'images/531829_4_20260411105002351636.webp', 'images/531829_5_20260411105002352060.webp', 'images/531829_6_20260411105002352460.webp']",لاند روفر,ديفيندر,90,"83,900",أخضر,بني وأسود,اس يو في,عادي,دفع رباعي,جلد,2012,6,,نعم,,,كلا,كلا,,بنزين,,,,,,,,,,,,
https://qatarsale.com/ar/product/porsche_cayenne_coupe_2022_silver_automatic_suv-549376," بورش  كيان  كوبيه  2022  اوتوماتيك  55,760 كم  6 سلندر  دفع كلي مستمر  اس يو في  فضي  تحت الضمان ","249,999",د.ب,,,,,https://qatarsale.com/ar/showroom/knightsbridge,,0,0,,"['+974 50542888', '+974 50542666', '+974 50542111']",[],"['https://media-blob.qatarsale.com/549376-productimages/549376_0_20260513103633366263.webp', 'https://media-blob.qatarsale.com/549376-productimages/549376_1_20260513103633367767.webp', 'https://media-blob.qatarsale.com/549376-productimages/549376_2_20260513103633368136.webp', 'https://media-blob.qatarsale.com/549376-productimages/549376_3_20260513103633368424.webp', 'https://media-blob.qatarsale.com/549376-productimages/549376_4_20260513103633368969.webp', 'https://media-blob.qatarsale.com/549376-productimages/549376_5_20260513103633369282.webp', 'https://media-blob.qatarsale.com/549376-productimages/549376_6_20260513103633369555.webp']",7,"{'المصنع': 'بورش', 'الصنف': 'كيان', 'الموديل': 'كوبيه', 'قاطع': '55,760', 'اللون': 'فضي', 'اللون الداخلي': 'بني', 'النوع': 'اس يو في', 'ناقل السرعة': 'اوتوماتيك', 'نظام الدفع': 'دفع كلي مستمر', 'فرش المقاعد': 'جلد', 'السنة': '2022', 'سلندر': '6', 'تحديد المواقع': 'نعم', 'سي دي': 'نعم', 'كاميرا خلفية': 'نعم', 'الحساسات': 'نعم', 'فتحة السقف': 'نعم', 'تحت الضمان': 'نعم', 'بلوتوث': 'نعم', 'نوع الوقود': 'بنزين'}","['images/549376_0_20260513103633366263.webp', 'images/549376_1_20260513103633367767.webp', 'images/549376_2_20260513103633368136.webp', 'images/549376_3_20260513103633368424.webp', 'images/549376_4_20260513103633368969.webp', 'images/549376_5_20260513103633369282.webp', 'images/549376_6_20260513103633369555.webp']",بورش,كيان,كوبيه,"55,760",فضي,بني,اس يو في,اوتوماتيك,دفع كلي مستمر,جلد,2022,6,نعم,نعم,نعم,نعم,نعم,نعم,نعم,بنزين,,,,,,,,,,,,
https://qatarsale.com/ar/product/hyundai_elantra_2023_gray_automatic_sedan-604427," هيونداي  النترا  2023  اوتوماتيك  57,000 كم  4 سلندر  سحب امامي  سيدان  رمادي  تحت الضمان ","50,000",ر.ق,,,,,https://qatarsale.com/ar/showroom/deals_on_wheels,,0,0,,"['+974 33774443', '+974 39944008', '+974 39944007', '+974 39944005']",[],"['https://media-blob.qatarsale.com/604427-productimages/604427_0_20260608092041304639.webp', 'https://media-blob.qatarsale.com/604427-productimages/604427_1_20260608092041305109.webp', 'https://media-blob.qatarsale.com/604427-productimages/604427_2_20260608092041305466.webp', 'https://media-blob.qatarsale.com/604427-productimages/604427_3_20260608092041305799.webp', 'https://media-blob.qatarsale.com/604427-productimages/604427_4_20260608092041306027.webp', 'https://media-blob.qatarsale.com/604427-productimages/604427_5_20260608092041306293.webp', 'https://media-blob.qatarsale.com/604427-productimages/604427_6_20260608092041306544.webp', 'https://media-blob.qatarsale.com/604427-productimages/604427_7_20260608092041306781.webp', 'https://media-blob.qatarsale.com/604427-productimages/604427_8_20260608092041307008.webp', 'https://media-blob.qatarsale.com/604427-productimages/604427_9_20260608092041307248.webp', 'https://media-blob.qatarsale.com/604427-productimages/604427_10_20260608092041307538.webp', 'https://media-blob.qatarsale.com/604427-productimages/604427_11_20260608092041307862.webp', 'https://media-blob.qatarsale.com/604427-productimages/604427_12_20260608092041318241.webp']",13,"{'المصنع': 'هيونداي', 'الصنف': 'النترا', 'الموديل': 'عادي', 'قاطع': '57,000', 'اللون': 'رمادي', 'اللون الداخلي': 'رصاصي', 'النوع': 'سيدان', 'ناقل السرعة': 'اوتوماتيك', 'نظام الدفع': 'سحب امامي', 'فرش المقاعد': 'جلد', 'السنة': '2023', 'سلندر': '4', 'كاميرا خلفية': 'نعم', 'الحساسات': 'كلا', 'فتحة السقف': 'نعم', 'تحت الضمان': 'نعم', 'بلوتوث': 'نعم', 'عدد المقاعد': '5', 'وارد': 'الدوحة', 'تبريد في المقاعد': 'نعم', 'قياس الجنط ( الرنج )': '17""', 'نوع الوقود': 'بنزين'}","['images/604427_0_20260608092041304639.webp', 'images/604427_1_20260608092041305109.webp', 'images/604427_2_20260608092041305466.webp', 'images/604427_3_20260608092041305799.webp', 'images/604427_4_20260608092041306027.webp', 'images/604427_5_20260608092041306293.webp', 'images/604427_6_20260608092041306544.webp', 'images/604427_7_20260608092041306781.webp', 'images/604427_8_20260608092041307008.webp', 'images/604427_9_20260608092041307248.webp', 'images/604427_10_20260608092041307538.webp', 'images/604427_11_20260608092041307862.webp', 'images/604427_12_20260608092041318241.webp']",هيونداي,النترا,عادي,"57,000",رمادي,رصاصي,سيدان,اوتوماتيك,سحب امامي,جلد,2023,4,,,نعم,كلا,نعم,نعم,نعم,بنزين,,,,,,,نعم,,,5,الدوحة,"17"""
https://qatarsale.com/ar/product/jetour_dashing_v5_2025_red_automatic_suv-542124, جيتور  داشينغ  في 5  2025  اوتوماتيك  0 كم  4 سلندر  دفع رباعي  اس يو في  أحمر  تحت الضمان ,"79,999",ر.ق,,,,,https://qatarsale.com/ar/showroom/knightsbridge,,0,0,,"['+974 50542888', '+974 50542666', '+974 50542111']",[],"['https://media-blob.qatarsale.com/542124-productimages/542124_0_20260503103258296453.webp', 'https://media-blob.qatarsale.com/542124-productimages/542124_1_20260503103258296965.webp', 'https://media-blob.qatarsale.com/542124-productimages/542124_2_20260503103258297250.webp', 'https://media-blob.qatarsale.com/542124-productimages/542124_3_20260503103258297611.webp', 'https://media-blob.qatarsale.com/542124-productimages/542124_4_20260503103258297887.webp', 'https://media-blob.qatarsale.com/542124-productimages/542124_5_20260503103258298197.webp', 'https://media-blob.qatarsale.com/542124-productimages/542124_6_20260503103258298506.webp']",7,"{'المصنع': 'جيتور', 'الصنف': 'داشينغ', 'الموديل': 'في 5', 'قاطع': '0', 'اللون': 'أحمر', 'اللون الداخلي': 'أسود & سكري', 'النوع': 'اس يو في', 'ناقل السرعة': 'اوتوماتيك', 'نظام الدفع': 'دفع رباعي', 'فرش المقاعد': 'جلد', 'السنة': '2025', 'سلندر': '4', 'تحديد المواقع': 'نعم', 'سي دي': 'نعم', 'كاميرا خلفية': 'نعم', 'الحساسات': 'نعم', 'فتحة السقف': 'نعم', 'تحت الضمان': 'نعم', 'بلوتوث': 'نعم', 'بانوراما': 'نعم', 'نوع الوقود': 'بنزين'}","['images/542124_0_20260503103258296453.webp', 'images/542124_1_20260503103258296965.webp', 'images/542124_2_20260503103258297250.webp', 'images/542124_3_20260503103258297611.webp', 'images/542124_4_20260503103258297887.webp', 'images/542124_5_20260503103258298197.webp', 'images/542124_6_20260503103258298506.webp']",جيتور,داشينغ,في 5,0,أحمر,أسود & سكري,اس يو في,اوتوماتيك,دفع رباعي,جلد,2025,4,نعم,نعم,نعم,نعم,نعم,نعم,نعم,بنزين,نعم,,,,,,,,,,,
https://qatarsale.com/ar/product/toyota_supra_gr_2024_gray_matte_manual_coupe_sport-545766," تويوتا  سوبرا  جي ار  2024  عادي  9,400 كم  6 سلندر  دفع خلفي  كوبيه \ سبورت  رمادي مطفي  تحت الضمان ","239,999",ر.ق,,,,,https://qatarsale.com/ar/showroom/knightsbridge, تم النشر: قبل 21 ساعة , 9 ," 1,221 ",,"['+974 50542888', '+974 50542666', '+974 50542111']",[],"['https://media-blob.qatarsale.com/545766-productimages/545766_0_20260510103755577668.webp', 'https://media-blob.qatarsale.com/545766-productimages/545766_1_20260510103755578157.webp', 'https://media-blob.qatarsale.com/545766-productimages/545766_2_20260510103755578527.webp', 'https://media-blob.qatarsale.com/545766-productimages/545766_3_20260510103755578810.webp', 'https://media-blob.qatarsale.com/545766-productimages/545766_4_20260510103755579101.webp', 'https://media-blob.qatarsale.com/545766-productimages/545766_5_20260510103755579348.webp', 'https://media-blob.qatarsale.com/545766-productimages/545766_6_20260510103755579629.webp']",7,"{'المصنع': 'تويوتا', 'الصنف': 'سوبرا', 'الموديل': 'جي ار', 'قاطع': '9,400', 'اللون': 'رمادي مطفي', 'اللون الداخلي': 'أسود', 'النوع': 'كوبيه \\ سبورت', 'ناقل السرعة': 'عادي', 'نظام الدفع': 'دفع خلفي', 'فرش المقاعد': 'جلد', 'السنة': '2024', 'سلندر': '6', 'تحديد المواقع': 'نعم', 'سي دي': 'نعم', 'كاميرا خلفية': 'نعم', 'الحساسات': 'نعم', 'فتحة السقف': 'كلا', 'تحت الضمان': 'نعم', 'بلوتوث': 'نعم', 'نوع الوقود': 'بنزين'}","['images/545766_0_20260510103755577668.webp', 'images/545766_1_20260510103755578157.webp', 'images/545766_2_20260510103755578527.webp', 'images/545766_3_20260510103755578810.webp', 'images/545766_4_20260510103755579101.webp', 'images/545766_5_20260510103755579348.webp', 'images/545766_6_20260510103755579629.webp']",تويوتا,سوبرا,جي ار,"9,400",رمادي مطفي,أسود,كوبيه \ سبورت,عادي,دفع خلفي,جلد,2024,6,نعم,نعم,نعم,نعم,كلا,نعم,نعم,بنزين,,,,,,,,,,,,
https://qatarsale.com/ar/product/alfa_romeo_8c_competizione_2009_red_automatic_coupe_sport-563708," الفا روميو  8سي  كومبيتزيوني  2009  اوتوماتيك  22,573 كم  8 سلندر  دفع خلفي  كوبيه \ سبورت  أحمر ","1,029,999",$,,,,,https://qatarsale.com/ar/showroom/knightsbridge,,0,0,,"['+974 50542888', '+974 50542666', '+974 50542111']",[],"['https://media-blob.qatarsale.com/563708-productimages/563708_0_20260520104631737032.webp', 'https://media-blob.qatarsale.com/563708-productimages/563708_1_20260520104631737516.webp', 'https://media-blob.qatarsale.com/563708-productimages/563708_2_20260520104631737840.webp', 'https://media-blob.qatarsale.com/563708-productimages/563708_3_20260520104631738145.webp', 'https://media-blob.qatarsale.com/563708-productimages/563708_4_20260520104631738482.webp', 'https://media-blob.qatarsale.com/563708-productimages/563708_5_20260520104631738731.webp', 'https://media-blob.qatarsale.com/563708-productimages/563708_6_20260520104631738955.webp', 'https://media-blob.qatarsale.com/563708-productimages/563708_7_20260520104631739273.webp']",8,"{'المصنع': 'الفا روميو', 'الصنف': '8سي', 'الموديل': 'كومبيتزيوني', 'قاطع': '22,573', 'اللون': 'أحمر', 'اللون الداخلي': 'بني وأسود', 'النوع': 'كوبيه \\ سبورت', 'ناقل السرعة': 'اوتوماتيك', 'نظام الدفع': 'دفع خلفي', 'فرش المقاعد': 'جلد', 'السنة': '2009', 'سلندر': '8', 'سي دي': 'نعم', 'فتحة السقف': 'كلا', 'تحت الضمان': 'كلا', 'نوع الوقود': 'بنزين'}","['images/563708_0_20260520104631737032.webp', 'images/563708_1_20260520104631737516.webp', 'images/563708_2_20260520104631737840.webp', 'images/563708_3_20260520104631738145.webp', 'images/563708_4_20260520104631738482.webp', 'images/563708_5_20260520104631738731.webp', 'images/563708_6_20260520104631738955.webp', 'images/563708_7_20260520104631739273.webp']",الفا روميو,8سي,كومبيتزيوني,"22,573",أحمر,بني وأسود,كوبيه \ سبورت,اوتوماتيك,دفع خلفي,جلد,2009,8,,نعم,,,كلا,كلا,,بنزين,,,,,,,,,,,,
https://qatarsale.com/ar/product/xiaomi_yu7_max_2025_blue_automatic_hatchback-566836," شاومي  واي يو 7  ماكس  2025  اوتوماتيك  9,200 كم  0 سلندر  دفع كلي مستمر  هاتشباك  ازرق  تحت الضمان ","239,999",ر.ق,,,,,https://qatarsale.com/ar/showroom/knightsbridge,,0,0,,"['+974 50542888', '+974 50542666', '+974 50542111']",[],"['https://media-blob.qatarsale.com/566836-productimages/566836_0_20260521101307900552.webp', 'https://media-blob.qatarsale.com/566836-productimages/566836_1_20260521101307901086.webp', 'https://media-blob.qatarsale.com/566836-productimages/566836_2_20260521101307901437.webp', 'https://media-blob.qatarsale.com/566836-productimages/566836_3_20260521101307901769.webp', 'https://media-blob.qatarsale.com/566836-productimages/566836_4_20260521101307902035.webp', 'https://media-blob.qatarsale.com/566836-productimages/566836_5_20260521101307902358.webp', 'https://media-blob.qatarsale.com/566836-productimages/566836_6_20260521101307902687.webp']",7,"{'المصنع': 'شاومي', 'الصنف': 'واي يو 7', 'الموديل': 'ماكس', 'قاطع': '9,200', 'اللون': 'ازرق', 'اللون الداخلي': 'بني وأسود', 'النوع': 'هاتشباك', 'ناقل السرعة': 'اوتوماتيك', 'نظام الدفع': 'دفع كلي مستمر', 'فرش المقاعد': 'جلد', 'السنة': '2025', 'سلندر': '0', 'تحديد المواقع': 'نعم', 'سي دي': 'نعم', 'كاميرا خلفية': 'نعم', 'الحساسات': 'نعم', 'فتحة السقف': 'نعم', 'تحت الضمان': 'نعم', 'بلوتوث': 'نعم', 'نوع الوقود': 'كهربائية'}","['images/566836_0_20260521101307900552.webp', 'images/566836_1_20260521101307901086.webp', 'images/566836_2_20260521101307901437.webp', 'images/566836_3_20260521101307901769.webp', 'images/566836_4_20260521101307902035.webp', 'images/566836_5_20260521101307902358.webp', 'images/566836_6_20260521101307902687.webp']",شاومي,واي يو 7,ماكس,"9,200",ازرق,بني وأسود,هاتشباك,اوتوماتيك,دفع كلي مستمر,جلد,2025,0,نعم,نعم,نعم,نعم,نعم,نعم,نعم,كهربائية,,,,,,,,,,,,
https://qatarsale.com/ar/product/toyota_land_cruiser_gxr_2024_black_automatic_suv-604432," تويوتا  لاند كروزر  جي اكس ار  2024  اوتوماتيك  11,000 كم  6 سلندر  دفع رباعي  اس يو في  أسود ","243,000",ر.ق,,,,,https://qatarsale.com/ar/showroom/showroom_2000,,0,0,,"['+974 55522668', '+974 55522668', '+974']",[],"['https://media-blob.qatarsale.com/604432-productimages/604432_0_20260608092511222541.webp', 'https://media-blob.qatarsale.com/604432-productimages/604432_1_20260608092511222891.webp', 'https://media-blob.qatarsale.com/604432-productimages/604432_2_20260608092511223131.webp', 'https://media-blob.qatarsale.com/604432-productimages/604432_3_20260608092511223420.webp', 'https://media-blob.qatarsale.com/604432-productimages/604432_4_20260608092511223753.webp', 'https://media-blob.qatarsale.com/604432-productimages/604432_5_20260608092511223968.webp']",6,"{'المصنع': 'تويوتا', 'الصنف': 'لاند كروزر', 'الموديل': 'جي اكس ار', 'قاطع': '11,000', 'اللون': 'أسود', 'اللون الداخلي': 'بيج', 'النوع': 'اس يو في', 'ناقل السرعة': 'اوتوماتيك', 'نظام الدفع': 'دفع رباعي', 'فرش المقاعد': 'قماش', 'السنة': '2024', 'سلندر': '6', 'سي دي': 'نعم', 'الحساسات': 'نعم', 'فتحة السقف': 'نعم', 'تحت الضمان': 'كلا', 'بلوتوث': 'نعم', 'وارد': 'الخليج', 'نوع الوقود': 'بنزين'}","['images/604432_0_20260608092511222541.webp', 'images/604432_1_20260608092511222891.webp', 'images/604432_2_20260608092511223131.webp', 'images/604432_3_20260608092511223420.webp', 'images/604432_4_20260608092511223753.webp', 'images/604432_5_20260608092511223968.webp']",تويوتا,لاند كروزر,جي اكس ار,"11,000",أسود,بيج,اس يو في,اوتوماتيك,دفع رباعي,قماش,2024,6,,نعم,,نعم,نعم,كلا,نعم,بنزين,,,,,,,,,,,الخليج,
https://qatarsale.com/ar/product/toyota_land_cruiser_gxr_2019_white_automatic_suv-604435," تويوتا  لاند كروزر  جي اكس ار  2019  اوتوماتيك  299,000 كم  8 سلندر  دفع رباعي  اس يو في  أبيض ","130,000",ج. م,,,,,https://qatarsale.com/ar/showroom/showroom_2000,,0,0,,"['+974 55522668', '+974 55522668', '+974']",[],"['https://media-blob.qatarsale.com/604435-productimages/604435_0_20260608092632865603.webp', 'https://media-blob.qatarsale.com/604435-productimages/604435_1_20260608092632866141.webp', 'https://media-blob.qatarsale.com/604435-productimages/604435_2_20260608092632866463.webp', 'https://media-blob.qatarsale.com/604435-productimages/604435_3_20260608092632866776.webp', 'https://media-blob.qatarsale.com/604435-productimages/604435_4_20260608092632867116.webp', 'https://media-blob.qatarsale.com/604435-productimages/604435_5_20260608092632867362.webp', 'https://media-blob.qatarsale.com/604435-productimages/604435_6_20260608092632867607.webp']",7,"{'المصنع': 'تويوتا', 'الصنف': 'لاند كروزر', 'الموديل': 'جي اكس ار', 'قاطع': '299,000', 'اللون': 'أبيض', 'اللون الداخلي': 'بيج', 'النوع': 'اس يو في', 'ناقل السرعة': 'اوتوماتيك', 'نظام الدفع': 'دفع رباعي', 'فرش المقاعد': 'قماش', 'السنة': '2019', 'سلندر': '8', 'الحساسات': 'نعم', 'فتحة السقف': 'نعم', 'تحت الضمان': 'كلا', 'بلوتوث': 'نعم', 'نوع الوقود': 'بنزين'}","['images/604435_0_20260608092632865603.webp', 'images/604435_1_20260608092632866141.webp', 'images/604435_2_20260608092632866463.webp', 'images/604435_3_20260608092632866776.webp', 'images/604435_4_20260608092632867116.webp', 'images/604435_5_20260608092632867362.webp', 'images/604435_6_20260608092632867607.webp']",تويوتا,لاند كروزر,جي اكس ار,"299,000",أبيض,بيج,اس يو في,اوتوماتيك,دفع رباعي,قماش,2019,8,,,,نعم,نعم,كلا,نعم,بنزين,,,,,,,,,,,,
https://qatarsale.com/ar/product/bentley_mulsanne_2015_black_automatic_sedan-534267," بنتلي  مولسان  2015  اوتوماتيك  21,000 كم  8 سلندر  دفع كلي مستمر  سيدان  أسود ","299,999",ر.ق,,,,,https://qatarsale.com/ar/showroom/knightsbridge,,0,0,,"['+974 50542888', '+974 50542666', '+974 50542111']",[],"['https://media-blob.qatarsale.com/534267-productimages/534267_0_20260416095745112876.webp', 'https://media-blob.qatarsale.com/534267-productimages/534267_1_20260416095745113285.webp', 'https://media-blob.qatarsale.com/534267-productimages/534267_2_20260416095745113621.webp', 'https://media-blob.qatarsale.com/534267-productimages/534267_3_20260416095745113904.webp', 'https://media-blob.qatarsale.com/534267-productimages/534267_4_20260416095745114330.webp', 'https://media-blob.qatarsale.com/534267-productimages/534267_5_20260416095745114751.webp', 'https://media-blob.qatarsale.com/534267-productimages/534267_6_20260416095745115112.webp']",7,"{'المصنع': 'بنتلي', 'الصنف': 'مولسان', 'الموديل': 'عادي', 'قاطع': '21,000', 'اللون': 'أسود', 'اللون الداخلي': 'بني', 'النوع': 'سيدان', 'ناقل السرعة': 'اوتوماتيك', 'نظام الدفع': 'دفع كلي مستمر', 'فرش المقاعد': 'جلد', 'السنة': '2015', 'سلندر': '8', 'تحديد المواقع': 'نعم', 'سي دي': 'نعم', 'كاميرا خلفية': 'نعم', 'الحساسات': 'نعم', 'فتحة السقف': 'نعم', 'تحت الضمان': 'كلا', 'بلوتوث': 'نعم', 'نوع الوقود': 'بنزين'}","['images/534267_0_20260416095745112876.webp', 'images/534267_1_20260416095745113285.webp', 'images/534267_2_20260416095745113621.webp', 'images/534267_3_20260416095745113904.webp', 'images/534267_4_20260416095745114330.webp', 'images/534267_5_20260416095745114751.webp', 'images/534267_6_20260416095745115112.webp']",بنتلي,مولسان,عادي,"21,000",أسود,بني,سيدان,اوتوماتيك,دفع كلي مستمر,جلد,2015,8,نعم,نعم,نعم,نعم,نعم,كلا,نعم,بنزين,,,,,,,,,,,,
https://qatarsale.com/ar/product/porsche_911_turbo_s_2017_blue_automatic_coupe_sport-539300," بورش  911  توربو اس  2017  اوتوماتيك  83,150 كم  6 سلندر  دفع خلفي  كوبيه \ سبورت  ازرق  تحت الضمان ","479,999",ر.ق,,,,,https://qatarsale.com/ar/showroom/knightsbridge,,0,0,,"['+974 50542888', '+974 50542666', '+974 50542111']",[],"['https://media-blob.qatarsale.com/539300-productimages/539300_0_20260427100453894624.webp', 'https://media-blob.qatarsale.com/539300-productimages/539300_1_20260427100453896328.webp', 'https://media-blob.qatarsale.com/539300-productimages/539300_2_20260427100453896689.webp', 'https://media-blob.qatarsale.com/539300-productimages/539300_3_20260427100453897033.webp', 'https://media-blob.qatarsale.com/539300-productimages/539300_4_20260427100453897387.webp', 'https://media-blob.qatarsale.com/539300-productimages/539300_5_20260427100453897676.webp', 'https://media-blob.qatarsale.com/539300-productimages/539300_6_20260427100453897996.webp']",7,"{'المصنع': 'بورش', 'الصنف': '911', 'الموديل': 'توربو اس', 'قاطع': '83,150', 'اللون': 'ازرق', 'اللون الداخلي': 'أحمر وأسود', 'النوع': 'كوبيه \\ سبورت', 'ناقل السرعة': 'اوتوماتيك', 'نظام الدفع': 'دفع خلفي', 'فرش المقاعد': 'جلد', 'السنة': '2017', 'سلندر': '6', 'تحديد المواقع': 'نعم', 'سي دي': 'نعم', 'كاميرا خلفية': 'نعم', 'الحساسات': 'نعم', 'فتحة السقف': 'نعم', 'تحت الضمان': 'نعم', 'بلوتوث': 'نعم', 'نوع الوقود': 'بنزين'}","['images/539300_0_20260427100453894624.webp', 'images/539300_1_20260427100453896328.webp', 'images/539300_2_20260427100453896689.webp', 'images/539300_3_20260427100453897033.webp', 'images/539300_4_20260427100453897387.webp', 'images/539300_5_20260427100453897676.webp', 'images/539300_6_20260427100453897996.webp']",بورش,911,توربو اس,"83,150",ازرق,أحمر وأسود,كوبيه \ سبورت,اوتوماتيك,دفع خلفي,جلد,2017,6,نعم,نعم,نعم,نعم,نعم,نعم,نعم,بنزين,,,,,,,,,,,,
https://qatarsale.com/ar/product/mercedes_benz_g_class_63_amg_2025_black_automatic_suv-539294," مرسيدس - بنز  جي - كلاس  63 اي ام جي  2025  اوتوماتيك  4,800 كم  8 سلندر  دفع رباعي  اس يو في  أسود ","879,999",ر.ق,,,,,https://qatarsale.com/ar/showroom/knightsbridge,,0,0,,"['+974 50542888', '+974 50542666', '+974 50542111']",[],"['https://media-blob.qatarsale.com/539294-productimages/539294_0_20260427100244731255.webp', 'https://media-blob.qatarsale.com/539294-productimages/539294_1_20260427100244731672.webp', 'https://media-blob.qatarsale.com/539294-productimages/539294_2_20260427100244731989.webp', 'https://media-blob.qatarsale.com/539294-productimages/539294_3_20260427100244732263.webp', 'https://media-blob.qatarsale.com/539294-productimages/539294_4_20260427100244732627.webp', 'https://media-blob.qatarsale.com/539294-productimages/539294_5_20260427100244733085.webp', 'https://media-blob.qatarsale.com/539294-productimages/539294_6_20260427100244733468.webp']",7,"{'المصنع': 'مرسيدس - بنز', 'الصنف': 'جي - كلاس', 'الموديل': '63 اي ام جي', 'قاطع': '4,800', 'اللون': 'أسود', 'اللون الداخلي': 'أسود', 'النوع': 'اس يو في', 'ناقل السرعة': 'اوتوماتيك', 'نظام الدفع': 'دفع رباعي', 'فرش المقاعد': 'جلد', 'السنة': '2025', 'سلندر': '8', 'تحديد المواقع': 'نعم', 'سي دي': 'نعم', 'كاميرا خلفية': 'نعم', 'الحساسات': 'نعم', 'فتحة السقف': 'نعم', 'تحت الضمان': 'كلا', 'بلوتوث': 'نعم', 'نوع الوقود': 'بنزين'}","['images/539294_0_20260427100244731255.webp', 'images/539294_1_20260427100244731672.webp', 'images/539294_2_20260427100244731989.webp', 'images/539294_3_20260427100244732263.webp', 'images/539294_4_20260427100244732627.webp', 'images/539294_5_20260427100244733085.webp', 'images/539294_6_20260427100244733468.webp']",مرسيدس - بنز,جي - كلاس,63 اي ام جي,"4,800",أسود,أسود,اس يو في,اوتوماتيك,دفع رباعي,جلد,2025,8,نعم,نعم,نعم,نعم,نعم,كلا,نعم,بنزين,,,,,,,,,,,,
https://qatarsale.com/ar/product/mercedes_benz_e_class_200_amg_2026_gray_automatic_sedan-604433, مرسيدس - بنز  اي - كلاس  200 AMG  2026  اوتوماتيك  0 كم  4 سلندر  دفع خلفي  سيدان  رمادي  تحت الضمان ,"283,199",ر.ق,,,,,https://qatarsale.com/ar/showroom/torque_motors_uae,,0,0,,"['+971 566077999', '+971 567166000']",[],"['https://media-blob.qatarsale.com/604433-productimages/604433_0_20260608092517592282.webp', 'https://media-blob.qatarsale.com/604433-productimages/604433_1_20260608092517592819.webp', 'https://media-blob.qatarsale.com/604433-productimages/604433_2_20260608092517593125.webp', 'https://media-blob.qatarsale.com/604433-productimages/604433_3_20260608092517593444.webp', 'https://media-blob.qatarsale.com/604433-productimages/604433_4_20260608092517593730.webp', 'https://media-blob.qatarsale.com/604433-productimages/604433_5_20260608092517594007.webp', 'https://media-blob.qatarsale.com/604433-productimages/604433_6_20260608092517594312.webp', 'https://media-blob.qatarsale.com/604433-productimages/604433_7_20260608092517594618.webp', 'https://media-blob.qatarsale.com/604433-productimages/604433_8_20260608092517595009.webp', 'https://media-blob.qatarsale.com/604433-productimages/604433_9_20260608092517595437.webp', 'https://media-blob.qatarsale.com/604433-productimages/604433_10_20260608092517595718.webp', 'https://media-blob.qatarsale.com/604433-productimages/604433_11_20260608092517596006.webp', 'https://media-blob.qatarsale.com/604433-productimages/604433_12_20260608092517596301.webp', 'https://media-blob.qatarsale.com/604433-productimages/604433_13_20260608092517596597.webp', 'https://media-blob.qatarsale.com/604433-productimages/604433_14_20260608092517596907.webp', 'https://media-blob.qatarsale.com/604433-productimages/604433_15_20260608092517597194.webp', 'https://media-blob.qatarsale.com/604433-productimages/604433_16_20260608092517597497.webp', 'https://media-blob.qatarsale.com/604433-productimages/604433_17_20260608092517597775.webp', 'https://media-blob.qatarsale.com/604433-productimages/604433_18_20260608092517597999.webp', 'https://media-blob.qatarsale.com/604433-productimages/604433_19_20260608092517598263.webp', 'https://media-blob.qatarsale.com/604433-productimages/604433_20_20260608092517598489.webp', 'https://media-blob.qatarsale.com/604433-productimages/604433_21_20260608092517598765.webp', 'https://media-blob.qatarsale.com/604433-productimages/604433_22_20260608092517599069.webp', 'https://media-blob.qatarsale.com/604433-productimages/604433_23_20260608092517599467.webp', 'https://media-blob.qatarsale.com/604433-productimages/604433_24_20260608092517599765.webp', 'https://media-blob.qatarsale.com/604433-productimages/604433_25_20260608092517600065.webp', 'https://media-blob.qatarsale.com/604433-productimages/604433_26_20260608092517600371.webp', 'https://media-blob.qatarsale.com/604433-productimages/604433_27_20260608092517600601.webp', 'https://media-blob.qatarsale.com/604433-productimages/604433_28_20260608092517600856.webp', 'https://media-blob.qatarsale.com/604433-productimages/604433_29_20260608092517601089.webp', 'https://media-blob.qatarsale.com/604433-productimages/604433_30_20260608092517601354.webp']",31,"{'المصنع': 'مرسيدس - بنز', 'الصنف': 'اي - كلاس', 'الموديل': '200 AMG', 'قاطع': '0', 'اللون': 'رمادي', 'اللون الداخلي': 'بيج', 'النوع': 'سيدان', 'ناقل السرعة': 'اوتوماتيك', 'نظام الدفع': 'دفع خلفي', 'فرش المقاعد': 'جلد', 'السنة': '2026', 'سلندر': '4', 'كاميرا خلفية': 'نعم', 'الحساسات': 'نعم', 'فتحة السقف': 'نعم', 'تحت الضمان': 'نعم', 'بلوتوث': 'نعم', 'بانوراما': 'نعم', 'كاميرا امامية': 'نعم', 'عدد المقاعد': '5', 'وارد': 'الخليج', 'الطلاء الأصلي': 'نعم', 'تدفئة في المقاعد': 'نعم', 'تبريد في المقاعد': 'نعم', 'دخول بدون مفتاح': 'نعم', 'قياس الجنط ( الرنج )': '20""', 'نوع الوقود': 'بنزين'}","['images/604433_0_20260608092517592282.webp', 'images/604433_1_20260608092517592819.webp', 'images/604433_2_20260608092517593125.webp', 'images/604433_3_20260608092517593444.webp', 'images/604433_4_20260608092517593730.webp', 'images/604433_5_20260608092517594007.webp', 'images/604433_6_20260608092517594312.webp', 'images/604433_7_20260608092517594618.webp', 'images/604433_8_20260608092517595009.webp', 'images/604433_9_20260608092517595437.webp', 'images/604433_10_20260608092517595718.webp', 'images/604433_11_20260608092517596006.webp', 'images/604433_12_20260608092517596301.webp', 'images/604433_13_20260608092517596597.webp', 'images/604433_14_20260608092517596907.webp', 'images/604433_15_20260608092517597194.webp', 'images/604433_16_20260608092517597497.webp', 'images/604433_17_20260608092517597775.webp', 'images/604433_18_20260608092517597999.webp', 'images/604433_19_20260608092517598263.webp', 'images/604433_20_20260608092517598489.webp', 'images/604433_21_20260608092517598765.webp', 'images/604433_22_20260608092517599069.webp', 'images/604433_23_20260608092517599467.webp', 'images/604433_24_20260608092517599765.webp', 'images/604433_25_20260608092517600065.webp', 'images/604433_26_20260608092517600371.webp', 'images/604433_27_20260608092517600601.webp', 'images/604433_28_20260608092517600856.webp', 'images/604433_29_20260608092517601089.webp', 'images/604433_30_20260608092517601354.webp']",مرسيدس - بنز,اي - كلاس,200 AMG,0,رمادي,بيج,سيدان,اوتوماتيك,دفع خلفي,جلد,2026,4,,,نعم,نعم,نعم,نعم,نعم,بنزين,نعم,,نعم,,نعم,نعم,نعم,نعم,,5,الخليج,"20"""
